latitude,longitude,value,label
19.0760,72.8777,95,Kurla Hub
19.0850,72.8900,98,BKC Tower
19.0860,72.8910,100,BKC Financial District
19.1136,72.8697,185,Andheri East
19.1150,72.8710,250,Andheri Industrial Zone
19.1160,72.8720,280,Andheri Factory Complex
19.1200,72.8750,90,MIDC Area
19.1197,72.9051,45,Powai Lake
19.1250,72.9150,40,IIT Bombay
19.0596,72.8295,80,Bandra West
19.0645,72.8350,95,Bandra Station
19.0650,72.8360,100,Bandra Junction
19.9220,72.8347,55,Colaba
19.9230,72.8350,70,Gateway of India
19.9350,72.8300,65,Fort Area
19.0400,72.8150,60,Mahim
19.0200,72.8400,90,Dadar
19.0210,72.8410,100,Dadar TT Junction
19.0300,72.8500,95,Sion
19.0310,72.8510,110,Sion Circle
19.0400,72.8600,85,Chunabhatti
19.0700,72.8600,70,Dharavi
19.0800,72.8800,65,Mankhurd
19.0810,72.8810,90,Mankhurd Slums
19.0820,72.8820,95,Mankhurd High Risk Zone
19.0500,72.8500,45,Govandi
19.0510,72.8510,85,Govandi Station
19.1000,72.8800,160,Saki Naka
19.1010,72.8810,240,Saki Naka Junction
19.0900,72.8500,140,Santacruz
19.0100,72.8600,110,Wadala
19.1500,72.8500,130,Goregaon
